<mapping-definition>

  <!-- ************************** -->
  <!-- Attribute Setup Definition -->
  <!-- ************************** -->
  <map target="TMP_attribute_setup" rowsource_type="Csv" rowsource_reference="Attribute-Setup.csv" >
    <columnmap targetcolumnname="attribute_name"       columnsource_type="TableColumn" columnsource_reference="Attribute Name"  />
    <columnmap targetcolumnname="category_name"        columnsource_type="TableColumn" columnsource_reference="Category Name"   />
    <columnmap targetcolumnname="searchable"           columnsource_type="TableColumn" columnsource_reference="Searchable"      />
    <columnmap targetcolumnname="display"              columnsource_type="TableColumn" columnsource_reference="Display"         />
    <columnmap targetcolumnname="pick_list"            columnsource_type="TableColumn" columnsource_reference="Pick List"       />
    <columnmap targetcolumnname="multi_value"          columnsource_type="TableColumn" columnsource_reference="Multiple Values" />
    <columnmap targetcolumnname="reveal_enabled"          columnsource_type="TableColumn" columnsource_reference="Reveal Enabled" />
  </map>

  <map target="TMP_attribute_values" rowsource_type="Csv" rowsource_reference="Attribute-Setup-Values.csv" >
    <columnmap targetcolumnname="attr_name"  columnsource_type="TableColumn" columnsource_reference="Attribute Name"  />
    <columnmap targetcolumnname="attr_value" columnsource_type="TableColumn" columnsource_reference="Attribute Value" />
  </map>  
  
  <map target="attribute_category" rowsource_type="SQLQuery" 
    rowsource_reference = "select LTRIM(RTRIM(ats.category_name)) as name, 'GENERAL' as type, 0 as is_system from TMP_attribute_setup ats WHERE LTRIM(RTRIM(ats.category_name)) not in (SELECT name from attribute_category) GROUP BY ats.category_name">
    <columnmap targetcolumnname="attribute_category_id" columnsource_type="GuidRow" columnsource_reference="" />
    <columnmap targetcolumnname="name"                  columnsource_type="TableColumn" columnsource_reference="name"                  />
    <columnmap targetcolumnname="type"                  columnsource_type="TableColumn" columnsource_reference="type"                  />
    <columnmap targetcolumnname="is_system"             columnsource_type="TableColumn" columnsource_reference="is_system"             />
  </map>
  
  <map target="attribute_type" rowsource_type="SQLQuery" 
    rowsource_reference = "
select 'attr_' || LTRIM(RTRIM(REPLACE(tas.attribute_name, ' ', ''))) as attr_key, LTRIM(RTRIM(tas.attribute_name)) as attr_name, 0 as readonly,
CASE LTRIM(RTRIM(UPPER(tas.searchable)))  WHEN n'YES' THEN n'1'      WHEN n'NO' THEN n'0'          ELSE n'1'          END as searchable, 
CASE LTRIM(RTRIM(UPPER(tas.display)))     WHEN n'YES' THEN n'1'      WHEN n'NO' THEN n'0'          ELSE n'1'          END as display, 
CASE LTRIM(RTRIM(UPPER(tas.pick_list)))   WHEN n'YES' THEN n'enum' WHEN n'NO' THEN n'freeform' ELSE n'freeform' END as type, 
0 as hidden,
CASE LTRIM(RTRIM(UPPER(tas.multi_value))) WHEN n'YES' THEN n'1'      WHEN n'NO' THEN n'0'          ELSE n'0'          END as multiple_value, 
0 as host_dep_enabled, 
CASE LTRIM(RTRIM(UPPER(tas.reveal_enabled))) WHEN n'YES' THEN n'1'      WHEN n'NO' THEN n'0'          ELSE n'0'          END as reveal_enabled, 
ac.attribute_category_id 
from TMP_attribute_setup tas
join attribute_category ac on LTRIM(RTRIM(tas.category_name)) = LTRIM(RTRIM(ac.name))
where LTRIM(RTRIM(tas.attribute_name)) not in (SELECT attr_name from attribute_type) and 
'attr_' || LTRIM(RTRIM(REPLACE(tas.attribute_name, ' ', ''))) not in (SELECT attr_key from attribute_type)	
">
    <columnmap targetcolumnname="attr_key"              columnsource_type="TableColumn" columnsource_reference="attr_key"              />
    <columnmap targetcolumnname="attr_name"             columnsource_type="TableColumn" columnsource_reference="attr_name"             />
    <columnmap targetcolumnname="readonly"              columnsource_type="TableColumn" columnsource_reference="readonly"              />
    <columnmap targetcolumnname="searchable"            columnsource_type="TableColumn" columnsource_reference="searchable"            />
    <columnmap targetcolumnname="display"               columnsource_type="TableColumn" columnsource_reference="display"               />
    <columnmap targetcolumnname="type"                  columnsource_type="TableColumn" columnsource_reference="type"                  />
    <columnmap targetcolumnname="hidden"                columnsource_type="TableColumn" columnsource_reference="hidden"                />
    <columnmap targetcolumnname="multiple_value"        columnsource_type="TableColumn" columnsource_reference="multiple_value"        />
    <columnmap targetcolumnname="host_dep_enabled"      columnsource_type="TableColumn" columnsource_reference="host_dep_enabled"      />
    <columnmap targetcolumnname="reveal_enabled"        columnsource_type="TableColumn" columnsource_reference="reveal_enabled"      />
    <columnmap targetcolumnname="attribute_category_id" columnsource_type="TableColumn" columnsource_reference="attribute_category_id" />	
  </map>

  <map target="attribute_def" rowsource_type="SQLQuery" 
    rowsource_reference = "select at.attr_key, LTRIM(RTRIM(tav.attr_value)) as attr_value from TMP_attribute_values tav
join attribute_type at on LTRIM(RTRIM(tav.attr_name)) = at.attr_name
WHERE at.type = 'enum' 
AND LTRIM(RTRIM(tav.attr_value)) not in (select at1.attr_value from attribute_def at1 WHERE at1.attr_key = at1.attr_key )
">
    <columnmap targetcolumnname="attr_key"   columnsource_type="TableColumn" columnsource_reference="attr_key"   />
    <columnmap targetcolumnname="attr_value" columnsource_type="TableColumn" columnsource_reference="attr_value" />	
  </map>
  
</mapping-definition>
