<target-definition>

  <!-- ************************** -->
  <!-- Attribute Setup Definition -->
  <!-- ************************** -->
  <target name="TMP_attribute_setup" postdrop="true">
    <column name="attribute_name"  datatype="NVARCHAR" datalength = "64" pk="yes" />
    <column name="category_name"   datatype="NVARCHAR" datalength = "128"         />
    <column name="searchable"      datatype="NVARCHAR" datalength = "5"           />
    <column name="display"         datatype="NVARCHAR" datalength = "5"           />
    <column name="pick_list"       datatype="NVARCHAR" datalength = "5"           />
    <column name="multi_value"     datatype="NVARCHAR" datalength = "5"           />
    <column name="reveal_enabled"  datatype="NVARCHAR" datalength = "5"  />
  </target>

  <!-- ******************************************* -->
  <!-- Attribute Setup Pick List Values Definition -->
  <!-- ******************************************* -->
  <target name="TMP_attribute_values" postdrop="true">
    <column name="attr_name"   datatype="NVARCHAR" datalength = "32" pk="yes" />
    <column name="attr_value"  datatype="NVARCHAR" datalength = "64" pk="yes" />
  </target>
   
  <!-- ***************************************** -->
  <!-- CiRBA Attribute Category Setup Definition -->
  <!-- ***************************************** -->
 <target name="attribute_category">
   <column name="attribute_category_id"  datatype="NCHAR"     datalength="36" pk="yes" />
   <column name="name"                   datatype="NVARCHAR"  datalength="128"         />
   <column name="type"                   datatype="NVARCHAR"  datalength="16"          />
   <column name="is_system"              datatype="BIT" />
 </target>

  <!-- ******************************** -->
  <!-- CiRBA Attribute Setup Definition -->
  <!-- ******************************** -->
 <target name="attribute_type">
  <column name="attr_key"       datatype="NVARCHAR"  datalength="32" pk="yes" />
  <column name="attr_name"      datatype="NVARCHAR"  datalength="64"/>
  <column name="readonly"       datatype="BIT" />
  <column name="searchable"     datatype="BIT" />
  <column name="display"        datatype="BIT" />
  <column name="type"           datatype="NVARCHAR"  datalength="32"/>
  <column name="hidden"         datatype="BIT" />
  <column name="multiple_value" datatype="BIT" />
  <column name="host_dep_enabled" datatype="BIT" />
  <column name="reveal_enabled" datatype="BIT" />
  <column name="attribute_category_id" datatype="NCHAR" datalength="36"/>
  <column name="order_index" datatype="INT" />
 </target>

  <!-- ******************************************* -->
  <!-- CiRBA Attribute Definition Setup - PickList -->
  <!-- ******************************************* -->
 <target name="attribute_def">
   <column name="attr_key"   datatype="NVARCHAR"  datalength="32" pk="yes" />
   <column name="attr_value" datatype="NVARCHAR"  datalength="64" pk="yes" />
 </target>
 
 </target-definition>
